image_name,image_path,true_class_name,predicted_class_name,correct,top1_probability,runner_up_class_name,runner_up_probability,top1_top2_margin
bridge701.jpg,bridge/bridge701.jpg,bridge,bridge,True,0.5522195444021794,railway,0.321971790157558,0.23024775424462135
bridge702.jpg,bridge/bridge702.jpg,bridge,bridge,True,0.547898233191611,railway,0.2946197549971658,0.2532784781944452
bridge703.jpg,bridge/bridge703.jpg,bridge,bridge,True,0.3871574751674873,railway,0.3570619324762029,0.030095542691284394
bridge704.jpg,bridge/bridge704.jpg,bridge,bridge,True,0.4532923897824608,railway,0.3653093956281151,0.08798299415434568
bridge705.jpg,bridge/bridge705.jpg,bridge,bridge,True,0.5608849225044342,railway,0.2012404377931859,0.3596444847112483
bridge706.jpg,bridge/bridge706.jpg,bridge,bridge,True,0.4236012935798159,railway,0.3603039986971608,0.06329729488265512
bridge707.jpg,bridge/bridge707.jpg,bridge,railway,False,0.5618009728469107,overpass,0.2127420760393744,0.34905889680753627
bridge708.jpg,bridge/bridge708.jpg,bridge,bridge,True,0.5197494602051363,overpass,0.2252363212267199,0.29451313897841647
bridge709.jpg,bridge/bridge709.jpg,bridge,bridge,True,0.4178713567667531,overpass,0.3959252624437439,0.021946094323009202
bridge710.jpg,bridge/bridge710.jpg,bridge,bridge,True,0.3393920476169695,overpass,0.304679248488602,0.0347127991283675
bridge711.jpg,bridge/bridge711.jpg,bridge,overpass,False,0.3461105756722175,bridge,0.3279332701046255,0.018177305567592006
bridge712.jpg,bridge/bridge712.jpg,bridge,overpass,False,0.3102590330533371,bridge,0.2861411622293943,0.02411787082394279
bridge713.jpg,bridge/bridge713.jpg,bridge,bridge,True,0.4902481477268175,railway,0.301683390543973,0.18856475718284454
bridge714.jpg,bridge/bridge714.jpg,bridge,bridge,True,0.7141902833793033,railway,0.1140813171672198,0.6001089662120835
bridge715.jpg,bridge/bridge715.jpg,bridge,bridge,True,0.4991060558870094,railway,0.2409328387793351,0.25817321710767427
bridge716.jpg,bridge/bridge716.jpg,bridge,bridge,True,0.7236196633365198,overpass,0.164135300381611,0.5594843629549089
bridge717.jpg,bridge/bridge717.jpg,bridge,bridge,True,0.6437847852024425,overpass,0.1583348254189251,0.48544995978351746
bridge718.jpg,bridge/bridge718.jpg,bridge,bridge,True,0.8461187809681879,overpass,0.0767049296819705,0.7694138512862174
bridge719.jpg,bridge/bridge719.jpg,bridge,bridge,True,0.8280479737546703,overpass,0.0906672210156568,0.7373807527390135
bridge720.jpg,bridge/bridge720.jpg,bridge,bridge,True,0.7027410496521461,overpass,0.1874024055696314,0.5153386440825147
bridge721.jpg,bridge/bridge721.jpg,bridge,railway,False,0.4099310767154571,bridge,0.3130140945582791,0.09691698215717798
bridge722.jpg,bridge/bridge722.jpg,bridge,overpass,False,0.4472856269257461,bridge,0.3066049678843217,0.1406806590414244
bridge723.jpg,bridge/bridge723.jpg,bridge,bridge,True,0.506077111870361,overpass,0.3661342497568232,0.1399428621135378
bridge724.jpg,bridge/bridge724.jpg,bridge,railway,False,0.3243846954650766,bridge,0.3073484066447571,0.01703628882031949
bridge725.jpg,bridge/bridge725.jpg,bridge,bridge,True,0.6756842034925788,overpass,0.1574526891891406,0.5182315143034383
bridge726.jpg,bridge/bridge726.jpg,bridge,bridge,True,0.5482693134331994,overpass,0.2312723016949883,0.3169970117382111
bridge727.jpg,bridge/bridge727.jpg,bridge,bridge,True,0.5087291904394515,overpass,0.2662771823559134,0.24245200808353812
bridge728.jpg,bridge/bridge728.jpg,bridge,bridge,True,0.6343691969723105,overpass,0.2675911649869549,0.36677803198535563
bridge729.jpg,bridge/bridge729.jpg,bridge,overpass,False,0.5222749960179643,bridge,0.2454074245820927,0.27686757143587165
bridge730.jpg,bridge/bridge730.jpg,bridge,bridge,True,0.6149501265448862,overpass,0.2147665734242538,0.4001835531206325
bridge731.jpg,bridge/bridge731.jpg,bridge,bridge,True,0.6900753990838574,overpass,0.1890562636004355,0.5010191354834219
bridge732.jpg,bridge/bridge732.jpg,bridge,bridge,True,0.4774798540171204,overpass,0.3548896681968267,0.12259018582029368
bridge733.jpg,bridge/bridge733.jpg,bridge,bridge,True,0.7866117331987805,overpass,0.1127982066671445,0.6738135265316361
bridge734.jpg,bridge/bridge734.jpg,bridge,bridge,True,0.769479139874783,railway,0.1196417479799897,0.6498373918947933
bridge735.jpg,bridge/bridge735.jpg,bridge,bridge,True,0.7738541302680602,overpass,0.1533829992965593,0.6204711309715009
bridge736.jpg,bridge/bridge736.jpg,bridge,bridge,True,0.8293164942683896,overpass,0.0860370822335128,0.7432794120348768
bridge737.jpg,bridge/bridge737.jpg,bridge,bridge,True,0.6675239764755249,railway,0.1828779710502795,0.4846460054252454
bridge738.jpg,bridge/bridge738.jpg,bridge,bridge,True,0.7364708800621604,overpass,0.1208567397912637,0.6156141402708968
bridge739.jpg,bridge/bridge739.jpg,bridge,bridge,True,0.7175863694263731,overpass,0.1913612380733878,0.5262251313529853
bridge740.jpg,bridge/bridge740.jpg,bridge,bridge,True,0.4530818424139749,overpass,0.3959161184731862,0.057165723940788726
bridge741.jpg,bridge/bridge741.jpg,bridge,bridge,True,0.6262389343657978,overpass,0.2017078312909154,0.4245311030748824
bridge742.jpg,bridge/bridge742.jpg,bridge,bridge,True,0.7126281871254253,railway,0.14510949748373,0.5675186896416953
bridge743.jpg,bridge/bridge743.jpg,bridge,bridge,True,0.752333264509128,railway,0.1169758392479254,0.6353574252612025
bridge744.jpg,bridge/bridge744.jpg,bridge,bridge,True,0.6250332955650684,overpass,0.2636530683108232,0.3613802272542452
bridge745.jpg,bridge/bridge745.jpg,bridge,bridge,True,0.7740916464844185,overpass,0.1110028583803319,0.6630887881040867
bridge746.jpg,bridge/bridge746.jpg,bridge,bridge,True,0.4964844120256222,overpass,0.3403297088941627,0.15615470313145952
bridge747.jpg,bridge/bridge747.jpg,bridge,overpass,False,0.6184352812103551,railway,0.2046405219318797,0.41379475927847537
bridge748.jpg,bridge/bridge748.jpg,bridge,overpass,False,0.873183389390786,railway,0.0604436204676058,0.8127397689231802
bridge749.jpg,bridge/bridge749.jpg,bridge,overpass,False,0.7444903485248934,bridge,0.1557423088568109,0.5887480396680824
bridge750.jpg,bridge/bridge750.jpg,bridge,overpass,False,0.4789233043518497,railway,0.3027722750118651,0.1761510293399846
bridge751.jpg,bridge/bridge751.jpg,bridge,overpass,False,0.6646446247530251,railway,0.1772431030937216,0.4874015216593035
bridge752.jpg,bridge/bridge752.jpg,bridge,bridge,True,0.838889503788205,overpass,0.1079910527724772,0.7308984510157278
bridge753.jpg,bridge/bridge753.jpg,bridge,bridge,True,0.7862384938877546,overpass,0.1222475623639384,0.6639909315238162
bridge754.jpg,bridge/bridge754.jpg,bridge,bridge,True,0.7877928724355909,overpass,0.0910408352095173,0.6967520372260736
bridge755.jpg,bridge/bridge755.jpg,bridge,bridge,True,0.643052197489392,overpass,0.1714849770287339,0.47156722046065813
bridge756.jpg,bridge/bridge756.jpg,bridge,bridge,True,0.7959456437612351,overpass,0.1535630969434487,0.6423825468177864
bridge757.jpg,bridge/bridge757.jpg,bridge,bridge,True,0.8562958220291227,overpass,0.0963237390209099,0.7599720830082128
bridge758.jpg,bridge/bridge758.jpg,bridge,bridge,True,0.8779659949286489,overpass,0.0886601433606745,0.7893058515679744
bridge759.jpg,bridge/bridge759.jpg,bridge,bridge,True,0.8182183922369541,overpass,0.099798229396996,0.7184201628399581
bridge760.jpg,bridge/bridge760.jpg,bridge,bridge,True,0.7887843799506068,overpass,0.1481313787864505,0.6406530011641562
bridge761.jpg,bridge/bridge761.jpg,bridge,bridge,True,0.7326730483766812,overpass,0.2062146063284697,0.5264584420482116
bridge762.jpg,bridge/bridge762.jpg,bridge,bridge,True,0.7791032724473118,overpass,0.1767204012726082,0.6023828711747036
bridge763.jpg,bridge/bridge763.jpg,bridge,bridge,True,0.8746926922591296,overpass,0.0814633278046438,0.7932293644544858
bridge764.jpg,bridge/bridge764.jpg,bridge,bridge,True,0.7173075084985602,overpass,0.1627035544132565,0.5546039540853036
bridge765.jpg,bridge/bridge765.jpg,bridge,bridge,True,0.7892555721946722,overpass,0.1564356831179297,0.6328198890767425
bridge766.jpg,bridge/bridge766.jpg,bridge,bridge,True,0.7978711116569636,overpass,0.1084039595194703,0.6894671521374933
bridge767.jpg,bridge/bridge767.jpg,bridge,bridge,True,0.7512928069231526,overpass,0.1798582159439923,0.5714345909791603
bridge768.jpg,bridge/bridge768.jpg,bridge,bridge,True,0.7812105154907109,overpass,0.1678921196780996,0.6133183958126113
bridge769.jpg,bridge/bridge769.jpg,bridge,bridge,True,0.7869206911620309,overpass,0.1559728965531737,0.6309477946088572
bridge770.jpg,bridge/bridge770.jpg,bridge,bridge,True,0.5081192093473631,overpass,0.4321926651433532,0.0759265442040099
bridge771.jpg,bridge/bridge771.jpg,bridge,bridge,True,0.8400890917195646,overpass,0.0848352008592287,0.7552538908603359
bridge772.jpg,bridge/bridge772.jpg,bridge,overpass,False,0.4708678567127622,bridge,0.4342651056276741,0.03660275108508809
bridge773.jpg,bridge/bridge773.jpg,bridge,bridge,True,0.7589511319932447,overpass,0.1387355825393876,0.6202155494538572
bridge774.jpg,bridge/bridge774.jpg,bridge,overpass,False,0.5920279001635812,bridge,0.3451820858801031,0.24684581428347813
bridge775.jpg,bridge/bridge775.jpg,bridge,bridge,True,0.5254380578046979,railway,0.2902673651507671,0.23517069265393076
bridge776.jpg,bridge/bridge776.jpg,bridge,bridge,True,0.7344107712307639,overpass,0.1495450006740014,0.5848657705567626
bridge777.jpg,bridge/bridge777.jpg,bridge,bridge,True,0.707423365769646,railway,0.1364843480735126,0.5709390176961334
bridge778.jpg,bridge/bridge778.jpg,bridge,bridge,True,0.5479031146910129,overpass,0.2574496143395858,0.29045350035142714
bridge779.jpg,bridge/bridge779.jpg,bridge,bridge,True,0.6433011361379521,overpass,0.2436044525914699,0.39969668354648225
bridge780.jpg,bridge/bridge780.jpg,bridge,bridge,True,0.7416328200289946,overpass,0.1728205077475851,0.5688123122814095
bridge781.jpg,bridge/bridge781.jpg,bridge,bridge,True,0.7401730602456041,overpass,0.172480357083299,0.5676927031623051
bridge782.jpg,bridge/bridge782.jpg,bridge,bridge,True,0.7452951459320968,overpass,0.1399642268924895,0.6053309190396072
bridge783.jpg,bridge/bridge783.jpg,bridge,bridge,True,0.749467030765889,overpass,0.1893664219116694,0.5601006088542196
bridge784.jpg,bridge/bridge784.jpg,bridge,bridge,True,0.8042577505627528,overpass,0.1319807391774379,0.6722770113853149
bridge785.jpg,bridge/bridge785.jpg,bridge,bridge,True,0.8943938463498831,overpass,0.0689656056370898,0.8254282407127933
bridge786.jpg,bridge/bridge786.jpg,bridge,bridge,True,0.7436678261858665,overpass,0.1879011478219867,0.5557666783638797
bridge787.jpg,bridge/bridge787.jpg,bridge,bridge,True,0.7737387749303059,overpass,0.1662863620479651,0.6074524128823408
bridge788.jpg,bridge/bridge788.jpg,bridge,bridge,True,0.6006789641618367,overpass,0.289965018355709,0.31071394580612777
bridge789.jpg,bridge/bridge789.jpg,bridge,bridge,True,0.5224642319950001,overpass,0.3679302567360624,0.15453397525893775
bridge790.jpg,bridge/bridge790.jpg,bridge,bridge,True,0.7569951270565701,overpass,0.1583582304124022,0.598636896644168
bridge791.jpg,bridge/bridge791.jpg,bridge,bridge,True,0.605538198843969,overpass,0.2695880340437981,0.33595016480017087
bridge792.jpg,bridge/bridge792.jpg,bridge,bridge,True,0.5351760719550449,overpass,0.2956469116225231,0.2395291603325218
bridge793.jpg,bridge/bridge793.jpg,bridge,bridge,True,0.5765575565676055,overpass,0.2709138185686466,0.30564373799895894
bridge794.jpg,bridge/bridge794.jpg,bridge,bridge,True,0.7554551318788277,overpass,0.1273616391634639,0.6280934927153639
bridge795.jpg,bridge/bridge795.jpg,bridge,bridge,True,0.872872120447707,railway,0.0542421358648496,0.8186299845828574
bridge796.jpg,bridge/bridge796.jpg,bridge,bridge,True,0.8981233703458491,railway,0.0462082201611814,0.8519151501846677
bridge797.jpg,bridge/bridge797.jpg,bridge,bridge,True,0.9018390518284536,overpass,0.0363982143141418,0.8654408375143118
bridge798.jpg,bridge/bridge798.jpg,bridge,bridge,True,0.8908809196230737,railway,0.0400524812765733,0.8508284383465003
bridge799.jpg,bridge/bridge799.jpg,bridge,bridge,True,0.8714835305661965,railway,0.0709238622725037,0.8005596682936928
bridge800.jpg,bridge/bridge800.jpg,bridge,bridge,True,0.9282577481156838,overpass,0.0336326270722774,0.8946251210434064
freeway701.jpg,freeway/freeway701.jpg,freeway,freeway,True,0.8249105944394919,overpass,0.0855800080825158,0.7393305863569761
freeway702.jpg,freeway/freeway702.jpg,freeway,freeway,True,0.7419457837022152,railway,0.1250841041102471,0.6168616795919681
freeway703.jpg,freeway/freeway703.jpg,freeway,freeway,True,0.8145076772978689,railway,0.113690010722635,0.7008176665752339
freeway704.jpg,freeway/freeway704.jpg,freeway,freeway,True,0.8026764439499263,railway,0.0855501287948698,0.7171263151550565
freeway705.jpg,freeway/freeway705.jpg,freeway,freeway,True,0.7543248789687547,overpass,0.1204922163705068,0.6338326625982479
freeway706.jpg,freeway/freeway706.jpg,freeway,freeway,True,0.7438132206514843,railway,0.1598549727979275,0.5839582478535568
freeway707.jpg,freeway/freeway707.jpg,freeway,freeway,True,0.7196209275624769,overpass,0.1465333966995235,0.5730875308629534
freeway708.jpg,freeway/freeway708.jpg,freeway,freeway,True,0.6411478530930234,railway,0.2239159267122368,0.41723192638078654
freeway709.jpg,freeway/freeway709.jpg,freeway,freeway,True,0.7775144103436068,railway,0.134664500774661,0.6428499095689458
freeway710.jpg,freeway/freeway710.jpg,freeway,freeway,True,0.7938260611200898,overpass,0.099470354480334,0.6943557066397558
freeway711.jpg,freeway/freeway711.jpg,freeway,freeway,True,0.7171742642732967,railway,0.1861614782656603,0.5310127860076364
freeway712.jpg,freeway/freeway712.jpg,freeway,freeway,True,0.8006886540205278,railway,0.1278981401752652,0.6727905138452626
freeway713.jpg,freeway/freeway713.jpg,freeway,freeway,True,0.8200972585971634,railway,0.1114237517483873,0.7086735068487762
freeway714.jpg,freeway/freeway714.jpg,freeway,freeway,True,0.8087713203238929,railway,0.1400781617539445,0.6686931585699484
freeway715.jpg,freeway/freeway715.jpg,freeway,freeway,True,0.8438712488369746,railway,0.1001878586045764,0.7436833902323983
freeway716.jpg,freeway/freeway716.jpg,freeway,freeway,True,0.7823784484864869,railway,0.0980359102084097,0.6843425382780771
freeway717.jpg,freeway/freeway717.jpg,freeway,freeway,True,0.7885427355439084,overpass,0.09112749746578,0.6974152380781284
freeway718.jpg,freeway/freeway718.jpg,freeway,freeway,True,0.8354675489724874,overpass,0.0843684921444684,0.751099056828019
freeway719.jpg,freeway/freeway719.jpg,freeway,freeway,True,0.7806611147547589,railway,0.1004952502508028,0.6801658645039561
freeway720.jpg,freeway/freeway720.jpg,freeway,freeway,True,0.7121482679984175,railway,0.1373959288923199,0.5747523391060976
freeway721.jpg,freeway/freeway721.jpg,freeway,freeway,True,0.6363652656296197,railway,0.1791082817475368,0.4572569838820829
freeway722.jpg,freeway/freeway722.jpg,freeway,freeway,True,0.7609057111930303,railway,0.0833154702087995,0.6775902409842308
freeway723.jpg,freeway/freeway723.jpg,freeway,freeway,True,0.707839295388866,railway,0.152123707166999,0.5557155882218671
freeway724.jpg,freeway/freeway724.jpg,freeway,freeway,True,0.7463020765078261,railway,0.1258185321194949,0.6204835443883312
freeway725.jpg,freeway/freeway725.jpg,freeway,freeway,True,0.6586408501830346,railway,0.1804443165515208,0.4781965336315138
freeway726.jpg,freeway/freeway726.jpg,freeway,freeway,True,0.8697991977431437,railway,0.0689028980164276,0.8008962997267162
freeway727.jpg,freeway/freeway727.jpg,freeway,freeway,True,0.8825919252890466,overpass,0.0578862677318485,0.8247056575571982
freeway728.jpg,freeway/freeway728.jpg,freeway,freeway,True,0.8761493637721712,overpass,0.0574637124603561,0.8186856513118151
freeway729.jpg,freeway/freeway729.jpg,freeway,freeway,True,0.7803489107667269,overpass,0.1246491677803886,0.6556997429863383
freeway730.jpg,freeway/freeway730.jpg,freeway,freeway,True,0.866873256216919,overpass,0.0705486636971189,0.7963245925198001
freeway731.jpg,freeway/freeway731.jpg,freeway,freeway,True,0.7398222461804825,railway,0.1723985976349873,0.5674236485454952
freeway732.jpg,freeway/freeway732.jpg,freeway,freeway,True,0.608526160868011,railway,0.2432089323200467,0.36531722854796433
freeway733.jpg,freeway/freeway733.jpg,freeway,freeway,True,0.7925253606917777,railway,0.1076776510183043,0.6848477096734734
freeway734.jpg,freeway/freeway734.jpg,freeway,freeway,True,0.7685316547671365,railway,0.0937379300062128,0.6747937247609237
freeway735.jpg,freeway/freeway735.jpg,freeway,freeway,True,0.7065991513375686,railway,0.1291656876842593,0.5774334636533093
freeway736.jpg,freeway/freeway736.jpg,freeway,freeway,True,0.8951301286776259,overpass,0.0513012895899784,0.8438288390876475
freeway737.jpg,freeway/freeway737.jpg,freeway,freeway,True,0.7919928923778498,overpass,0.119865027954426,0.6721278644234238
freeway738.jpg,freeway/freeway738.jpg,freeway,freeway,True,0.7986784331813584,railway,0.0948223786656151,0.7038560545157433
freeway739.jpg,freeway/freeway739.jpg,freeway,freeway,True,0.7715727464895377,overpass,0.1048308863039962,0.6667418601855415
freeway740.jpg,freeway/freeway740.jpg,freeway,freeway,True,0.7469459677731822,railway,0.1259270890392914,0.6210188787338908
freeway741.jpg,freeway/freeway741.jpg,freeway,freeway,True,0.731942258396913,railway,0.1849384707115503,0.5470037876853626
freeway742.jpg,freeway/freeway742.jpg,freeway,freeway,True,0.8437956674309274,railway,0.0705480674488056,0.7732475999821218
freeway743.jpg,freeway/freeway743.jpg,freeway,freeway,True,0.7343187267152764,railway,0.1306604039948808,0.6036583227203957
freeway744.jpg,freeway/freeway744.jpg,freeway,freeway,True,0.6676730293801345,railway,0.2528335775310196,0.4148394518491149
freeway745.jpg,freeway/freeway745.jpg,freeway,freeway,True,0.7265046771058236,railway,0.1224809136959892,0.6040237634098343
freeway746.jpg,freeway/freeway746.jpg,freeway,freeway,True,0.7909652587488011,overpass,0.0939066422915496,0.6970586164572514
freeway747.jpg,freeway/freeway747.jpg,freeway,freeway,True,0.6244877618069017,overpass,0.2180975317402129,0.4063902300666888
freeway748.jpg,freeway/freeway748.jpg,freeway,freeway,True,0.7283418234758188,overpass,0.194229455343945,0.5341123681318738
freeway749.jpg,freeway/freeway749.jpg,freeway,freeway,True,0.7354679867381555,overpass,0.1457746175701876,0.5896933691679679
freeway750.jpg,freeway/freeway750.jpg,freeway,freeway,True,0.744919961374102,overpass,0.1127407163194169,0.632179245054685
freeway751.jpg,freeway/freeway751.jpg,freeway,freeway,True,0.496721545158756,railway,0.2271887207802938,0.26953282437846215
freeway752.jpg,freeway/freeway752.jpg,freeway,freeway,True,0.8379327095250847,overpass,0.0700578814449484,0.7678748280801363
freeway753.jpg,freeway/freeway753.jpg,freeway,freeway,True,0.7545005319148117,overpass,0.1205202797122192,0.6339802522025925
freeway754.jpg,freeway/freeway754.jpg,freeway,freeway,True,0.698624939790273,overpass,0.142258071611711,0.556366868178562
freeway755.jpg,freeway/freeway755.jpg,freeway,freeway,True,0.7861630544060176,overpass,0.1097336193648676,0.67642943504115
freeway756.jpg,freeway/freeway756.jpg,freeway,freeway,True,0.4809231229009092,overpass,0.2586054198718068,0.22231770302910242
freeway757.jpg,freeway/freeway757.jpg,freeway,freeway,True,0.6893568472524221,railway,0.1522022308456093,0.5371546164068128
freeway758.jpg,freeway/freeway758.jpg,freeway,freeway,True,0.7071427581906207,railway,0.1603979163344377,0.546744841856183
freeway759.jpg,freeway/freeway759.jpg,freeway,freeway,True,0.767825225123657,overpass,0.1260020673595485,0.6418231577641085
freeway760.jpg,freeway/freeway760.jpg,freeway,freeway,True,0.6541550421563511,overpass,0.174445799723992,0.47970924243235913
freeway761.jpg,freeway/freeway761.jpg,freeway,freeway,True,0.8225457272004181,overpass,0.0808529908593106,0.7416927363411074
freeway762.jpg,freeway/freeway762.jpg,freeway,freeway,True,0.7437224061370457,overpass,0.1555816698144914,0.5881407363225543
freeway763.jpg,freeway/freeway763.jpg,freeway,freeway,True,0.8516786479827101,railway,0.090772820788929,0.7609058271937811
freeway764.jpg,freeway/freeway764.jpg,freeway,freeway,True,0.5311552633253566,overpass,0.2364724599583566,0.2946828033669999
freeway765.jpg,freeway/freeway765.jpg,freeway,freeway,True,0.5606916704427706,railway,0.212321996141483,0.34836967430128757
freeway766.jpg,freeway/freeway766.jpg,freeway,railway,False,0.4459176875557429,freeway,0.4340502176769315,0.011867469878811376
freeway767.jpg,freeway/freeway767.jpg,freeway,railway,False,0.3515837132069919,freeway,0.2990477683625759,0.05253594484441598
freeway768.jpg,freeway/freeway768.jpg,freeway,freeway,True,0.5617458965499372,overpass,0.2711708902988323,0.29057500625110494
freeway769.jpg,freeway/freeway769.jpg,freeway,freeway,True,0.7552056437729893,railway,0.1380509106702426,0.6171547331027467
freeway770.jpg,freeway/freeway770.jpg,freeway,freeway,True,0.7361866879962522,railway,0.1963214727373433,0.539865215258909
freeway771.jpg,freeway/freeway771.jpg,freeway,freeway,True,0.6865409201947654,railway,0.2039412377914143,0.48259968240335116
freeway772.jpg,freeway/freeway772.jpg,freeway,freeway,True,0.8017827629583469,railway,0.111913850267451,0.6898689126908959
freeway773.jpg,freeway/freeway773.jpg,freeway,freeway,True,0.6814823492131183,overpass,0.1676062958326352,0.5138760533804831
freeway774.jpg,freeway/freeway774.jpg,freeway,freeway,True,0.498310099850784,overpass,0.3150285029253641,0.1832815969254199
freeway775.jpg,freeway/freeway775.jpg,freeway,freeway,True,0.6045168320644101,railway,0.1747963363965539,0.4297204956678562
freeway776.jpg,freeway/freeway776.jpg,freeway,freeway,True,0.7301044275744761,overpass,0.1198119816454569,0.6102924459290192
freeway777.jpg,freeway/freeway777.jpg,freeway,freeway,True,0.6828352995445299,overpass,0.139042904669162,0.5437923948753679
freeway778.jpg,freeway/freeway778.jpg,freeway,freeway,True,0.6239076183132753,overpass,0.2120959647986768,0.4118116535145986
freeway779.jpg,freeway/freeway779.jpg,freeway,freeway,True,0.7248911324171713,overpass,0.1600478042314373,0.564843328185734
freeway780.jpg,freeway/freeway780.jpg,freeway,freeway,True,0.7142259504570356,overpass,0.1377967841836913,0.5764291662733443
freeway781.jpg,freeway/freeway781.jpg,freeway,freeway,True,0.5605735211317132,overpass,0.1957759658250663,0.3647975553066469
freeway782.jpg,freeway/freeway782.jpg,freeway,freeway,True,0.5407931465343171,overpass,0.2343557163231733,0.3064374302111438
freeway783.jpg,freeway/freeway783.jpg,freeway,freeway,True,0.6818004177457061,overpass,0.1722692148004693,0.5095312029452368
freeway784.jpg,freeway/freeway784.jpg,freeway,freeway,True,0.7234366106593086,overpass,0.1473103723895168,0.5761262382697918
freeway785.jpg,freeway/freeway785.jpg,freeway,freeway,True,0.71756919041314,overpass,0.1627629068772053,0.5548062835359348
freeway786.jpg,freeway/freeway786.jpg,freeway,freeway,True,0.7962511448381809,overpass,0.094534204385711,0.7017169404524699
freeway787.jpg,freeway/freeway787.jpg,freeway,freeway,True,0.7027430023468804,railway,0.1775607444345205,0.5251822579123598
freeway788.jpg,freeway/freeway788.jpg,freeway,freeway,True,0.5686430304293741,overpass,0.2464246183267772,0.32221841210259694
freeway789.jpg,freeway/freeway789.jpg,freeway,freeway,True,0.4893546156896831,overpass,0.2299387461565043,0.25941586953317874
freeway790.jpg,freeway/freeway790.jpg,freeway,freeway,True,0.5720465612951835,overpass,0.2546774113366683,0.3173691499585152
freeway791.jpg,freeway/freeway791.jpg,freeway,freeway,True,0.6416678849895509,overpass,0.1665618178118808,0.47510606717767
freeway792.jpg,freeway/freeway792.jpg,freeway,overpass,False,0.4317105823081318,freeway,0.3479165665784302,0.08379401572970163
freeway793.jpg,freeway/freeway793.jpg,freeway,freeway,True,0.6339358368498276,overpass,0.2213971990396909,0.41253863781013667
freeway794.jpg,freeway/freeway794.jpg,freeway,freeway,True,0.542521836490931,railway,0.2415329004578828,0.3009889360330482
freeway795.jpg,freeway/freeway795.jpg,freeway,freeway,True,0.566005539164271,overpass,0.2262147816529272,0.3397907575113438
freeway796.jpg,freeway/freeway796.jpg,freeway,freeway,True,0.7016306748546389,railway,0.1549121569710162,0.5467185178836227
freeway797.jpg,freeway/freeway797.jpg,freeway,freeway,True,0.661962957509708,overpass,0.2440000247639151,0.4179629327457929
freeway798.jpg,freeway/freeway798.jpg,freeway,freeway,True,0.5386046967268291,overpass,0.2152635185288164,0.32334117819801267
freeway799.jpg,freeway/freeway799.jpg,freeway,freeway,True,0.7041465096909629,railway,0.1554676226734345,0.5486788870175284
freeway800.jpg,freeway/freeway800.jpg,freeway,freeway,True,0.565690309911899,overpass,0.2085138634645645,0.3571764464473345
overpass701.jpg,overpass/overpass701.jpg,overpass,overpass,True,0.9218964821876952,railway,0.0437442895932432,0.878152192594452
overpass702.jpg,overpass/overpass702.jpg,overpass,overpass,True,0.8913287565122785,railway,0.0725389082170552,0.8187898482952233
overpass703.jpg,overpass/overpass703.jpg,overpass,overpass,True,0.7838860876683141,railway,0.1553714110822846,0.6285146765860296
overpass704.jpg,overpass/overpass704.jpg,overpass,overpass,True,0.934988626891729,railway,0.0367318347535051,0.898256792138224
overpass705.jpg,overpass/overpass705.jpg,overpass,overpass,True,0.8268644314077437,railway,0.1394004942473113,0.6874639371604324
overpass706.jpg,overpass/overpass706.jpg,overpass,overpass,True,0.9312529647010352,railway,0.0453964207300062,0.8858565439710291
overpass707.jpg,overpass/overpass707.jpg,overpass,overpass,True,0.9133514229240784,railway,0.0599036829556693,0.8534477399684092
overpass708.jpg,overpass/overpass708.jpg,overpass,overpass,True,0.9478210665554888,railway,0.0255244810743252,0.9222965854811636
overpass709.jpg,overpass/overpass709.jpg,overpass,overpass,True,0.91632031868373,railway,0.0539515643081861,0.8623687543755438
overpass710.jpg,overpass/overpass710.jpg,overpass,overpass,True,0.94249785555086,railway,0.0350822387973465,0.9074156167535135
overpass711.jpg,overpass/overpass711.jpg,overpass,overpass,True,0.9025986726737246,railway,0.0796474587641449,0.8229512139095797
overpass712.jpg,overpass/overpass712.jpg,overpass,overpass,True,0.9519937177684216,railway,0.0224022258782698,0.9295914918901518
overpass713.jpg,overpass/overpass713.jpg,overpass,overpass,True,0.9628834768143048,railway,0.0197996413206349,0.9430838354936698
overpass714.jpg,overpass/overpass714.jpg,overpass,overpass,True,0.929165419128051,railway,0.032769553667153,0.896395865460898
overpass715.jpg,overpass/overpass715.jpg,overpass,overpass,True,0.8104055208508434,railway,0.081837646497249,0.7285678743535944
overpass716.jpg,overpass/overpass716.jpg,overpass,overpass,True,0.9121193113651064,railway,0.0522749596462945,0.8598443517188119
overpass717.jpg,overpass/overpass717.jpg,overpass,overpass,True,0.8121938953518071,railway,0.104554503366733,0.7076393919850741
overpass718.jpg,overpass/overpass718.jpg,overpass,overpass,True,0.8629622715216658,railway,0.1052556569875392,0.7577066145341266
overpass719.jpg,overpass/overpass719.jpg,overpass,overpass,True,0.815760631004686,railway,0.1451517006773001,0.6706089303273859
overpass720.jpg,overpass/overpass720.jpg,overpass,overpass,True,0.9636809476093328,railway,0.0220737250384933,0.9416072225708395
overpass721.jpg,overpass/overpass721.jpg,overpass,overpass,True,0.9293411583266254,railway,0.0417815902688811,0.8875595680577444
overpass722.jpg,overpass/overpass722.jpg,overpass,overpass,True,0.917285298128972,railway,0.0618065777202528,0.8554787204087192
overpass723.jpg,overpass/overpass723.jpg,overpass,overpass,True,0.7354054182561687,railway,0.2184567529850989,0.5169486652710698
overpass724.jpg,overpass/overpass724.jpg,overpass,overpass,True,0.8465597083772846,railway,0.1089784423395897,0.7375812660376948
overpass725.jpg,overpass/overpass725.jpg,overpass,overpass,True,0.8962792372633036,railway,0.0672717029813222,0.8290075342819814
overpass726.jpg,overpass/overpass726.jpg,overpass,overpass,True,0.855510065787828,railway,0.1101306263216091,0.7453794394662189
overpass727.jpg,overpass/overpass727.jpg,overpass,overpass,True,0.9010458820346264,railway,0.0530522292067431,0.8479936528278833
overpass728.jpg,overpass/overpass728.jpg,overpass,overpass,True,0.9021367651724972,railway,0.0451794490512651,0.856957316121232
overpass729.jpg,overpass/overpass729.jpg,overpass,overpass,True,0.9405344236911924,railway,0.0260207571025436,0.9145136665886489
overpass730.jpg,overpass/overpass730.jpg,overpass,overpass,True,0.9211054433435948,bridge,0.0283865989435659,0.8927188444000289
overpass731.jpg,overpass/overpass731.jpg,overpass,overpass,True,0.9244112576568856,railway,0.047560733816496,0.8768505238403896
overpass732.jpg,overpass/overpass732.jpg,overpass,overpass,True,0.932985763919827,bridge,0.0251249731974765,0.9078607907223505
overpass733.jpg,overpass/overpass733.jpg,overpass,overpass,True,0.928829344350454,railway,0.0336533371423403,0.8951760072081136
overpass734.jpg,overpass/overpass734.jpg,overpass,overpass,True,0.864516302451991,railway,0.0849785307812794,0.7795377716707116
overpass735.jpg,overpass/overpass735.jpg,overpass,overpass,True,0.9205602104853312,railway,0.035202527779823,0.8853576827055082
overpass736.jpg,overpass/overpass736.jpg,overpass,overpass,True,0.9278721299000116,railway,0.0310053207311114,0.8968668091689002
overpass737.jpg,overpass/overpass737.jpg,overpass,overpass,True,0.9570653937883504,railway,0.016293795424645,0.9407715983637054
overpass738.jpg,overpass/overpass738.jpg,overpass,overpass,True,0.955793635526458,railway,0.0224916411607438,0.9333019943657143
overpass739.jpg,overpass/overpass739.jpg,overpass,overpass,True,0.8952126013557108,railway,0.0486114831682254,0.8466011181874854
overpass740.jpg,overpass/overpass740.jpg,overpass,overpass,True,0.935781714578674,railway,0.0348322422869518,0.9009494722917222
overpass741.jpg,overpass/overpass741.jpg,overpass,overpass,True,0.8309242172637009,railway,0.1159814493048425,0.7149427679588585
overpass742.jpg,overpass/overpass742.jpg,overpass,overpass,True,0.944292198879424,railway,0.0333030467824735,0.9109891520969504
overpass743.jpg,overpass/overpass743.jpg,overpass,overpass,True,0.9291569606964156,railway,0.040661571397158,0.8884953892992576
overpass744.jpg,overpass/overpass744.jpg,overpass,overpass,True,0.8686497247735225,railway,0.0977134278072626,0.77093629696626
overpass745.jpg,overpass/overpass745.jpg,overpass,overpass,True,0.9554461130693634,railway,0.0230981903724242,0.9323479226969392
overpass746.jpg,overpass/overpass746.jpg,overpass,overpass,True,0.922345249799482,railway,0.0284248089546658,0.8939204408448161
overpass747.jpg,overpass/overpass747.jpg,overpass,overpass,True,0.9104903381801812,railway,0.0455978082139328,0.8648925299662484
overpass748.jpg,overpass/overpass748.jpg,overpass,overpass,True,0.9402735731902344,railway,0.0289773252281865,0.9112962479620479
overpass749.jpg,overpass/overpass749.jpg,overpass,overpass,True,0.9450191038966737,railway,0.0307378893462512,0.9142812145504224
overpass750.jpg,overpass/overpass750.jpg,overpass,overpass,True,0.9404657871155138,railway,0.0305897872107487,0.9098759999047651
overpass751.jpg,overpass/overpass751.jpg,overpass,overpass,True,0.919052659690004,railway,0.0485778579275736,0.8704748017624304
overpass752.jpg,overpass/overpass752.jpg,overpass,overpass,True,0.9186312595140004,railway,0.0424292833187149,0.8762019761952855
overpass753.jpg,overpass/overpass753.jpg,overpass,overpass,True,0.9444995878792364,railway,0.0315609385465577,0.9129386493326787
overpass754.jpg,overpass/overpass754.jpg,overpass,overpass,True,0.9598492176464428,railway,0.0146698258861484,0.9451793917602944
overpass755.jpg,overpass/overpass755.jpg,overpass,overpass,True,0.9550588699479252,bridge,0.0207273160319586,0.9343315539159666
overpass756.jpg,overpass/overpass756.jpg,overpass,overpass,True,0.8190696433722244,railway,0.1344114104032729,0.6846582329689516
overpass757.jpg,overpass/overpass757.jpg,overpass,overpass,True,0.9064493521291408,railway,0.051950009438427,0.8544993426907138
overpass758.jpg,overpass/overpass758.jpg,overpass,overpass,True,0.8609408788858182,railway,0.0869408876031784,0.7739999912826397
overpass759.jpg,overpass/overpass759.jpg,overpass,overpass,True,0.9258101764923266,railway,0.0439299943587863,0.8818801821335402
overpass760.jpg,overpass/overpass760.jpg,overpass,overpass,True,0.8901570759436016,railway,0.0510162694185019,0.8391408065250997
overpass761.jpg,overpass/overpass761.jpg,overpass,overpass,True,0.9130620409616228,railway,0.061522019722567,0.8515400212390558
overpass762.jpg,overpass/overpass762.jpg,overpass,overpass,True,0.9261169619483128,railway,0.0530771891846974,0.8730397727636154
overpass763.jpg,overpass/overpass763.jpg,overpass,overpass,True,0.9519630777849316,railway,0.0242896512191894,0.9276734265657423
overpass764.jpg,overpass/overpass764.jpg,overpass,overpass,True,0.9145993549474202,railway,0.0538502477818326,0.8607491071655876
overpass765.jpg,overpass/overpass765.jpg,overpass,overpass,True,0.9238870479263576,railway,0.0393549414171601,0.8845321065091974
overpass766.jpg,overpass/overpass766.jpg,overpass,overpass,True,0.9204418152973716,railway,0.0486512805851992,0.8717905347121724
overpass767.jpg,overpass/overpass767.jpg,overpass,overpass,True,0.862455707265741,railway,0.102394272640402,0.7600614346253389
overpass768.jpg,overpass/overpass768.jpg,overpass,overpass,True,0.8162127179139463,railway,0.1339425816737852,0.6822701362401611
overpass769.jpg,overpass/overpass769.jpg,overpass,overpass,True,0.8961677372752671,railway,0.0620346387574874,0.8341330985177797
overpass770.jpg,overpass/overpass770.jpg,overpass,overpass,True,0.9191301679681548,railway,0.0351478393371886,0.8839823286309663
overpass771.jpg,overpass/overpass771.jpg,overpass,overpass,True,0.9186705174509324,railway,0.0447830489553514,0.8738874684955811
overpass772.jpg,overpass/overpass772.jpg,overpass,overpass,True,0.914080548285106,railway,0.0389372126268766,0.8751433356582294
overpass773.jpg,overpass/overpass773.jpg,overpass,overpass,True,0.9142286367676336,railway,0.0553001529591418,0.8589284838084917
overpass774.jpg,overpass/overpass774.jpg,overpass,overpass,True,0.940069841201194,railway,0.0322717813917853,0.9077980598094086
overpass775.jpg,overpass/overpass775.jpg,overpass,overpass,True,0.954518195744554,railway,0.0257048331253206,0.9288133626192334
overpass776.jpg,overpass/overpass776.jpg,overpass,overpass,True,0.8129855585949345,railway,0.1197675944778922,0.6932179641170423
overpass777.jpg,overpass/overpass777.jpg,overpass,overpass,True,0.9062523392982644,railway,0.0505564418949077,0.8556958974033567
overpass778.jpg,overpass/overpass778.jpg,overpass,overpass,True,0.951851094473631,bridge,0.0195727851171694,0.9322783093564616
overpass779.jpg,overpass/overpass779.jpg,overpass,overpass,True,0.9121611251520316,railway,0.0378213688483138,0.8743397563037179
overpass780.jpg,overpass/overpass780.jpg,overpass,overpass,True,0.9545602580451172,railway,0.0162511470930674,0.9383091109520498
overpass781.jpg,overpass/overpass781.jpg,overpass,overpass,True,0.9450314280635672,railway,0.0307382883725405,0.9142931396910268
overpass782.jpg,overpass/overpass782.jpg,overpass,overpass,True,0.9308997824666004,railway,0.0355979121982077,0.8953018702683927
overpass783.jpg,overpass/overpass783.jpg,overpass,overpass,True,0.9276958564245203,railway,0.0374417924344504,0.8902540639900699
overpass784.jpg,overpass/overpass784.jpg,overpass,overpass,True,0.933206910689233,railway,0.0287595450167587,0.9044473656724743
overpass785.jpg,overpass/overpass785.jpg,overpass,overpass,True,0.9111153035100046,railway,0.0409621845420975,0.870153118967907
overpass786.jpg,overpass/overpass786.jpg,overpass,overpass,True,0.9353080921842604,railway,0.0296123911660015,0.9056957010182589
overpass787.jpg,overpass/overpass787.jpg,overpass,overpass,True,0.9138915079166356,railway,0.0483050577839193,0.8655864501327164
overpass788.jpg,overpass/overpass788.jpg,overpass,overpass,True,0.9391649489458468,bridge,0.0215121685727684,0.9176527803730784
overpass789.jpg,overpass/overpass789.jpg,overpass,overpass,True,0.9346450258059208,railway,0.0347899390163764,0.8998550867895444
overpass790.jpg,overpass/overpass790.jpg,overpass,overpass,True,0.9430475360257145,railway,0.0298574210623717,0.9131901149633428
overpass791.jpg,overpass/overpass791.jpg,overpass,overpass,True,0.9402355243600254,railway,0.0349980320339375,0.905237492326088
overpass792.jpg,overpass/overpass792.jpg,overpass,overpass,True,0.9481880055837836,freeway,0.0205782024655572,0.9276098031182264
overpass793.jpg,overpass/overpass793.jpg,overpass,overpass,True,0.8970981389015772,railway,0.0588376740158328,0.8382604648857443
overpass794.jpg,overpass/overpass794.jpg,overpass,overpass,True,0.934243770960036,railway,0.0377060650543412,0.8965377059056948
overpass795.jpg,overpass/overpass795.jpg,overpass,overpass,True,0.9626425857866724,railway,0.0187550939116829,0.9438874918749894
overpass796.jpg,overpass/overpass796.jpg,overpass,overpass,True,0.9468205189545056,railway,0.0254975351668349,0.9213229837876706
overpass797.jpg,overpass/overpass797.jpg,overpass,overpass,True,0.8570975595166275,railway,0.1103349859026659,0.7467625736139616
overpass798.jpg,overpass/overpass798.jpg,overpass,overpass,True,0.939325171333113,railway,0.0349641410967636,0.9043610302363494
overpass799.jpg,overpass/overpass799.jpg,overpass,overpass,True,0.9571319567969724,railway,0.0176683757010092,0.9394635810959632
overpass800.jpg,overpass/overpass800.jpg,overpass,overpass,True,0.9503443026295532,railway,0.0249113274584162,0.925432975171137
railway701.jpg,railway/railway701.jpg,railway,railway,True,0.6672059798961782,overpass,0.2814424570089491,0.38576352288722915
railway702.jpg,railway/railway702.jpg,railway,railway,True,0.9352317436212466,overpass,0.0367413885413898,0.8984903550798569
railway703.jpg,railway/railway703.jpg,railway,railway,True,0.9330387814315164,freeway,0.0338058534319366,0.8992329279995798
railway704.jpg,railway/railway704.jpg,railway,railway,True,0.8309435671878987,overpass,0.1257600500018953,0.7051835171860035
railway705.jpg,railway/railway705.jpg,railway,railway,True,0.8764236635812318,overpass,0.0959641292101899,0.7804595343710419
railway706.jpg,railway/railway706.jpg,railway,railway,True,0.8955428678486527,overpass,0.0709422263172384,0.8246006415314142
railway707.jpg,railway/railway707.jpg,railway,railway,True,0.9077773217457368,overpass,0.0376396078614345,0.8701377138843023
railway708.jpg,railway/railway708.jpg,railway,railway,True,0.9221877101700576,overpass,0.036228938887903,0.8859587712821546
railway709.jpg,railway/railway709.jpg,railway,railway,True,0.9046017651799414,overpass,0.0504643617618486,0.8541374034180929
railway710.jpg,railway/railway710.jpg,railway,railway,True,0.6585651979447948,overpass,0.2777975978072377,0.38076760013755717
railway711.jpg,railway/railway711.jpg,railway,railway,True,0.8961623791005591,overpass,0.0499935665638904,0.8461688125366686
railway712.jpg,railway/railway712.jpg,railway,railway,True,0.9580201958853864,overpass,0.0231604175097381,0.9348597783756484
railway713.jpg,railway/railway713.jpg,railway,railway,True,0.9340492301589524,overpass,0.0272737207810418,0.9067755093779105
railway714.jpg,railway/railway714.jpg,railway,overpass,False,0.6461913644452429,railway,0.2876870078035808,0.35850435664166214
railway715.jpg,railway/railway715.jpg,railway,railway,True,0.9516441990827303,overpass,0.0236352952670058,0.9280089038157245
railway716.jpg,railway/railway716.jpg,railway,railway,True,0.9435897527722478,overpass,0.0341881412329458,0.909401611539302
railway717.jpg,railway/railway717.jpg,railway,railway,True,0.8667855585383331,overpass,0.0744516313306883,0.7923339272076447
railway718.jpg,railway/railway718.jpg,railway,railway,True,0.9160312598515958,overpass,0.0359870825261986,0.8800441773253972
railway719.jpg,railway/railway719.jpg,railway,railway,True,0.960821781950478,overpass,0.0150861858352298,0.9457355961152482
railway720.jpg,railway/railway720.jpg,railway,railway,True,0.8182099927800119,overpass,0.1306969298226836,0.6875130629573283
railway721.jpg,railway/railway721.jpg,railway,railway,True,0.9495360846962656,overpass,0.0242277228036428,0.9253083618926228
railway722.jpg,railway/railway722.jpg,railway,railway,True,0.879770620261053,overpass,0.062564666145953,0.8172059541151
railway723.jpg,railway/railway723.jpg,railway,railway,True,0.8818168718947929,overpass,0.0799411418945618,0.801875730000231
railway724.jpg,railway/railway724.jpg,railway,railway,True,0.954035731235718,overpass,0.0243425363795572,0.9296931948561609
railway725.jpg,railway/railway725.jpg,railway,railway,True,0.9418804759656518,overpass,0.0350592558306169,0.906821220135035
railway726.jpg,railway/railway726.jpg,railway,railway,True,0.9134860835636164,overpass,0.049603767058809,0.8638823165048074
railway727.jpg,railway/railway727.jpg,railway,railway,True,0.9288884786647176,overpass,0.0395679898069478,0.8893204888577698
railway728.jpg,railway/railway728.jpg,railway,railway,True,0.9043783885424088,overpass,0.0736009337307908,0.830777454811618
railway729.jpg,railway/railway729.jpg,railway,railway,True,0.9542950566196384,overpass,0.025014887628766,0.9292801689908724
railway730.jpg,railway/railway730.jpg,railway,railway,True,0.9256271949684984,overpass,0.0427524131993869,0.8828747817691115
railway731.jpg,railway/railway731.jpg,railway,railway,True,0.8861134965025566,freeway,0.0613386646332832,0.8247748318692734
railway732.jpg,railway/railway732.jpg,railway,railway,True,0.967234183204456,overpass,0.0147826920170368,0.9524514911874192
railway733.jpg,railway/railway733.jpg,railway,railway,True,0.9380397132077228,overpass,0.0239343934164461,0.9141053197912767
railway734.jpg,railway/railway734.jpg,railway,railway,True,0.8903882346480806,overpass,0.0458102507519266,0.844577983896154
railway735.jpg,railway/railway735.jpg,railway,railway,True,0.8771684441198281,overpass,0.057530549681719,0.8196378944381091
railway736.jpg,railway/railway736.jpg,railway,railway,True,0.799686008159163,bridge,0.1057589701889554,0.6939270379702076
railway737.jpg,railway/railway737.jpg,railway,railway,True,0.8278517486289682,overpass,0.0858851343466008,0.7419666142823673
railway738.jpg,railway/railway738.jpg,railway,railway,True,0.880940606253113,overpass,0.067928245554178,0.813012360698935
railway739.jpg,railway/railway739.jpg,railway,railway,True,0.8919151341284648,overpass,0.0787047272345982,0.8132104068938666
railway740.jpg,railway/railway740.jpg,railway,railway,True,0.8513527008757856,overpass,0.0751253920370644,0.7762273088387213
railway741.jpg,railway/railway741.jpg,railway,railway,True,0.92311919687786,freeway,0.0426365686649075,0.8804826282129525
railway742.jpg,railway/railway742.jpg,railway,railway,True,0.8824833620289984,overpass,0.0891163099527878,0.7933670520762106
railway743.jpg,railway/railway743.jpg,railway,railway,True,0.9447288990714242,freeway,0.0283397862613617,0.9163891128100625
railway744.jpg,railway/railway744.jpg,railway,railway,True,0.8938467309318114,overpass,0.0635656781081181,0.8302810528236934
railway745.jpg,railway/railway745.jpg,railway,railway,True,0.9298318957663924,overpass,0.0327930646480945,0.8970388311182979
railway746.jpg,railway/railway746.jpg,railway,railway,True,0.9285352551262608,overpass,0.0406343635405698,0.887900891585691
railway747.jpg,railway/railway747.jpg,railway,railway,True,0.8985058743512877,overpass,0.0529026836729891,0.8456031906782986
railway748.jpg,railway/railway748.jpg,railway,railway,True,0.8742048596939898,overpass,0.0771419256110801,0.7970629340829096
railway749.jpg,railway/railway749.jpg,railway,railway,True,0.9326716102425504,overpass,0.0303362712768782,0.9023353389656722
railway750.jpg,railway/railway750.jpg,railway,railway,True,0.9115365816737114,overpass,0.0648236920787196,0.8467128895949918
railway751.jpg,railway/railway751.jpg,railway,railway,True,0.912291860334454,overpass,0.0469371951780457,0.8653546651564082
railway752.jpg,railway/railway752.jpg,railway,railway,True,0.8475395284424351,overpass,0.1248580186149437,0.7226815098274914
railway753.jpg,railway/railway753.jpg,railway,railway,True,0.9321757904992064,overpass,0.0419090329850523,0.8902667575141541
railway754.jpg,railway/railway754.jpg,railway,railway,True,0.9031330976957278,overpass,0.0608530010249551,0.8422800966707727
railway755.jpg,railway/railway755.jpg,railway,railway,True,0.9348399650015178,overpass,0.0320922447611303,0.9027477202403875
railway756.jpg,railway/railway756.jpg,railway,railway,True,0.9180069879322508,overpass,0.0526123886956669,0.8653945992365839
railway757.jpg,railway/railway757.jpg,railway,railway,True,0.8937860289438698,overpass,0.054063612979192,0.8397224159646778
railway758.jpg,railway/railway758.jpg,railway,railway,True,0.912823820418272,overpass,0.0495677999319922,0.8632560204862798
railway759.jpg,railway/railway759.jpg,railway,railway,True,0.9352154168404356,overpass,0.0521721802060179,0.8830432366344177
railway760.jpg,railway/railway760.jpg,railway,railway,True,0.8879039796935834,overpass,0.0826937383673692,0.8052102413262142
railway761.jpg,railway/railway761.jpg,railway,railway,True,0.9419111631171464,overpass,0.0306367998133709,0.9112743633037755
railway762.jpg,railway/railway762.jpg,railway,railway,True,0.8377050201173725,overpass,0.0845944528795839,0.7531105672377886
railway763.jpg,railway/railway763.jpg,railway,railway,True,0.9505378594285692,overpass,0.0255976452382984,0.9249402141902707
railway764.jpg,railway/railway764.jpg,railway,railway,True,0.9452748334122688,overpass,0.0291314508900971,0.9161433825221718
railway765.jpg,railway/railway765.jpg,railway,railway,True,0.9242683354951808,overpass,0.0488535434756884,0.8754147920194925
railway766.jpg,railway/railway766.jpg,railway,railway,True,0.8632593403371974,overpass,0.0920071143285098,0.7712522260086876
railway767.jpg,railway/railway767.jpg,railway,railway,True,0.839282202641202,overpass,0.0918973123205273,0.7473848903206747
railway768.jpg,railway/railway768.jpg,railway,railway,True,0.888550153031015,overpass,0.0537469052570504,0.8348032477739646
railway769.jpg,railway/railway769.jpg,railway,railway,True,0.8903259840536863,overpass,0.0650464197627463,0.8252795642909401
railway770.jpg,railway/railway770.jpg,railway,railway,True,0.8931146834082235,overpass,0.0570174882721231,0.8360971951361005
railway771.jpg,railway/railway771.jpg,railway,railway,True,0.9602572204507775,overpass,0.0197456362046078,0.9405115842461698
railway772.jpg,railway/railway772.jpg,railway,railway,True,0.9387728476680676,overpass,0.0281611148996865,0.910611732768381
railway773.jpg,railway/railway773.jpg,railway,railway,True,0.798800200031197,overpass,0.1275964985844231,0.6712037014467739
railway774.jpg,railway/railway774.jpg,railway,railway,True,0.9131956308982104,overpass,0.0482682796138341,0.8649273512843764
railway775.jpg,railway/railway775.jpg,railway,railway,True,0.92380039459669,freeway,0.0404271580268427,0.8833732365698473
railway776.jpg,railway/railway776.jpg,railway,railway,True,0.9177362689335689,overpass,0.037039821407952,0.8806964475256168
railway777.jpg,railway/railway777.jpg,railway,railway,True,0.9190701705597072,overpass,0.0342101989996026,0.8848599715601045
railway778.jpg,railway/railway778.jpg,railway,railway,True,0.942623512823498,freeway,0.0247089420467477,0.9179145707767503
railway779.jpg,railway/railway779.jpg,railway,railway,True,0.904730593717282,overpass,0.0478208429855841,0.856909750731698
railway780.jpg,railway/railway780.jpg,railway,railway,True,0.8780651201889849,overpass,0.0531126745381242,0.8249524456508607
railway781.jpg,railway/railway781.jpg,railway,railway,True,0.7533430506036728,overpass,0.2120322850072359,0.5413107655964369
railway782.jpg,railway/railway782.jpg,railway,railway,True,0.9645900666625834,overpass,0.0155594437700462,0.9490306228925371
railway783.jpg,railway/railway783.jpg,railway,railway,True,0.8607487500831658,overpass,0.0628855400729961,0.7978632100101697
railway784.jpg,railway/railway784.jpg,railway,railway,True,0.8959374967902017,overpass,0.072913987329181,0.8230235094610208
railway785.jpg,railway/railway785.jpg,railway,railway,True,0.765280236697099,overpass,0.1832067773032279,0.5820734593938711
railway786.jpg,railway/railway786.jpg,railway,railway,True,0.9155707000453158,overpass,0.0539074402389548,0.861663259806361
railway787.jpg,railway/railway787.jpg,railway,railway,True,0.8923405635204439,overpass,0.0746068168620913,0.8177337466583526
railway788.jpg,railway/railway788.jpg,railway,railway,True,0.8879634536926254,overpass,0.0872832919690989,0.8006801617235265
railway789.jpg,railway/railway789.jpg,railway,railway,True,0.915688907808035,overpass,0.0553884746644124,0.8603004331436226
railway790.jpg,railway/railway790.jpg,railway,railway,True,0.9151316090444788,overpass,0.0600204305004839,0.8551111785439949
railway791.jpg,railway/railway791.jpg,railway,railway,True,0.9241093654446793,overpass,0.052962127284908,0.8711472381597712
railway792.jpg,railway/railway792.jpg,railway,railway,True,0.717811307781866,overpass,0.186326845247762,0.531484462534104
railway793.jpg,railway/railway793.jpg,railway,railway,True,0.8001906834764357,overpass,0.158603106434426,0.6415875770420097
railway794.jpg,railway/railway794.jpg,railway,railway,True,0.9292338812433611,overpass,0.0429189938517816,0.8863148873915796
railway795.jpg,railway/railway795.jpg,railway,railway,True,0.9202049472172604,overpass,0.0541802870173171,0.8660246601999433
railway796.jpg,railway/railway796.jpg,railway,railway,True,0.8689152726775018,overpass,0.1004157104736996,0.7684995622038022
railway797.jpg,railway/railway797.jpg,railway,railway,True,0.9204249295208397,overpass,0.0413807343257604,0.8790441951950793
railway798.jpg,railway/railway798.jpg,railway,railway,True,0.8972360365526527,overpass,0.0673435105929958,0.8298925259596569
railway799.jpg,railway/railway799.jpg,railway,railway,True,0.8939437562161985,overpass,0.0727517374536761,0.8211920187625223
railway800.jpg,railway/railway800.jpg,railway,railway,True,0.9337090109922732,overpass,0.0419779608347105,0.8917310501575627
